name,address,email,birthdate,company,job
Jennifer Davis,"6802 Reed Valley Apt. 919
West Dawn, GU 53304",floydphillip@example.net,1918-07-28,Wong PLC,Social worker
Kenneth Knapp,"11364 Ricky Row Apt. 086
Lanetown, MN 17374",ewest@example.com,1948-09-20,Love-Malone,Ambulance person
Brandon Robinson,"06248 Oneal Hills
Kaylastad, AK 04055",natalie76@example.org,1999-08-21,"Clark, Stephens and Everett",Graphic designer
Lisa Rosario,"3326 Duke Grove
Wangville, ME 90414",brandonwheeler@example.com,2011-12-04,Smith-Brennan,Planning and development surveyor
Lisa Perry,"Unit 1687 Box 5435
DPO AE 69803",richardporter@example.org,1942-12-15,Bernard Ltd,Astronomer
James Rogers,"87041 Matthew Highway Suite 090
Morenobury, CT 09015",michaelgray@example.net,1970-06-01,"Schneider, Wood and Campbell","Engineer, agricultural"
Mark Jones,"0070 Keith Port Suite 168
Paulchester, CA 30197",wuamy@example.org,1971-04-12,Howard-Carpenter,"Editor, magazine features"
Thomas Wright,"8241 Kenneth Point Apt. 884
Riceside, OH 51117",urodriguez@example.com,1944-08-15,Hart-Cooper,Plant breeder/geneticist
Christian Garrett,"5929 Brown Point Suite 651
Morashire, ME 35133",jonesdustin@example.org,1971-06-15,"Ramirez, Ward and Brown",Herpetologist
Kathy Brown,"95119 Wyatt Trail
Courtneyborough, NJ 33793",hannahli@example.net,1931-02-26,"Johnson, Johnson and Wise",Transport planner
Karina Morton,"661 Justin Key
Shaneborough, NE 67106",hgarner@example.org,2007-06-18,Myers-Nielsen,General practice doctor
Ronald Mooney,"PSC 5241, Box 4835
APO AP 03393",drich@example.com,1929-01-27,Conley Inc,"Engineer, biomedical"
Christina Saunders,"1289 Simpson Neck
South Alexandrabury, WA 09422",evanskara@example.org,1914-05-16,Davis LLC,Town planner
Catherine Brown,"839 Wells Path
New David, MI 09057",longdalton@example.org,1912-03-04,Wright LLC,Printmaker
Nicole Moore,"35009 David Walk Suite 796
Youngberg, AR 23811",phunt@example.net,2017-09-14,Santos Inc,Technical brewer
Timothy Williams,"5089 Dennis Ville Suite 294
Sanchezville, OK 38528",iwilliams@example.com,2018-01-28,Lee Inc,"Research officer, political party"
Laura Ellis,"25666 Christian Mountains Apt. 435
Owensberg, WY 43840",tyler46@example.org,1921-07-30,"Carter, Palmer and Jackson",Personnel officer
Curtis Rose,"51021 Leah Shores
Lake Matthew, GU 27596",james92@example.net,1925-08-27,Smith and Sons,"Exhibitions officer, museum/gallery"
Dr. Lori Edwards,"75012 Garza River Apt. 169
Lindaberg, HI 18935",andrewbowen@example.org,1986-12-02,"Jackson, Norris and Mccoy","Engineer, biomedical"
Angela Garcia,"91672 Michael Forge
South Andreachester, WY 31012",carolhendrix@example.org,1926-05-05,Hurley-Sanders,Surgeon
Brian Martinez MD,"7333 Tammy Prairie
West Megan, SD 08267",ronnie05@example.net,1932-06-23,"Hernandez, Schmidt and Anderson",Stage manager
Steven Harrison,"1737 Antonio Cliffs Suite 581
Andrewsborough, VA 98561",zbaxter@example.com,1922-12-27,"Hoffman, Kelly and Green","Surveyor, minerals"
Kenneth Young,"258 Caitlin Port Suite 610
Lopezchester, MD 47470",salinaserin@example.net,1982-09-12,"Atkins, Burke and Dillon","Merchandiser, retail"
